path,status,title,description,h1,canonical,noindex,textLength,clicks,discoveredVia
/,200,Jetking,"Jetking is India’s foremost IT training institute. We offer courses in Cloud Computing, Cyber Security, Ethical Hacking, Gaming & Metaverse Design.",Enquire Now,,false,10249,,sitemap
/centres/ameerpet,200,Cloud Computing Courses & Training Institute in Hyderabad,"Cloud Computing courses in Ameerpet, UG/Diploma in Cloud AI & Cybersecurity with 100% job placement, Learn CCNA, AWS, Azure & more from Certified Professionals",Enquire Now,https://www.jetking.com/centres/ameerpet,false,7679,,sitemap
/centres/azadpur,200,Best Cloud Computing Course & Training Institute in Delhi,"Jetking Best Institute for Cloud Computing Course in Delhi. Learn AWS, Azure, Linux, Networking, CCNA, Cyber Security Training core concepts and Latest trends.",Enquire Now,https://www.jetking.com/centres/azadpur,false,8246,,sitemap
/centres/balasore,200,Best Cloud Computing Courses & Training Institute in Balasor,"Cloud Computing courses in Odisha, UG/Diploma in Cloud AI & Cybersecurity with 100% job placement, Learn CCNA, AWS, Azure & more from Certified Professionals",Enquire Now,https://www.jetking.com/centres/balasore,false,7605,,sitemap
/centres/bhopal,200,Best Cloud Computing Courses & Training Institute in Bhopal,"Cloud Computing course in Madhya Pradesh - UG/Diploma programs in Cloud AI & Cybersecurity with job placement, Learn CCNA, AWS, Azure from Certified Experts",Enquire Now,https://www.jetking.com/centres/bhopal/,false,7524,,sitemap
/centres/bhubaneshwar,200,Cloud Computing Courses & Training Institute in Bhubaneshwar,"Cloud Computing courses in Odisha, UG/Diploma in Cloud AI & Cybersecurity with 100% job placement, Learn all modules in CCNA, AWS, Azure, Linux from Experts",Enquire Now,https://www.jetking.com/centres/bhubaneshwar,false,8180,,sitemap
/centres/borivali,200,Cloud Computing Courses & Training Institute in Borivali,"Cloud Computing courses in Mumbai, UG/Diploma in Cloud AI & Cybersecurity with 100% job placement, Learn CCNA, AWS, Azure, Linux & more in IT-IMS from Experts",Enquire Now,https://jetking.com/centres/borivali,false,7885,,sitemap
/centres/chandigarh,200,Best Cloud Computing Courses and Training Centre in Punjab,"Cloud Computing course in Chandigarh, Punjab. UG/Diploma programs in Cloud AI & Cybersecurity with job placement, Learn AWS, Azure & more from experts",Enquire Now,https://www.jetking.com/centres/chandigarh,false,10325,,sitemap
/centres/dhanbad,200,Best Cloud Computing Courses & Training Institute in Jharkha,"Cloud Computing course in Dhanbad, UG/Diploma programs in Cloud AI & Cybersecurity with 100% job placement, Learn CCNA, AWS, Azure, Linux from Certified Experts",Enquire Now,https://www.jetking.com/centres/dhanbad,false,7251,,sitemap
/centres/durg,200,Cloud Computing Courses & Training Institute in Chhattisgarh,"Cloud Computing courses in Durg, UG/Diploma in Cloud AI & Cybersecurity with 100% job placement, Learn CCNA, AWS, Azure, Linux & more in IT-IMS from Experts",Enquire Now,https://www.jetking.com/centres/durg,false,7122,,sitemap
/centres/gurgaon,200,Best Cloud Computing with AI Training in Gurgaon,"Best Cloud Computing courses in Jetking Gurgaon, UG/Diploma in Cloud AI & Cybersecurity with 100% job placement, Learn CCNA, AWS, Azure, Linux & more.",Enquire Now,https://www.jetking.com/centres/gurgaon/,false,9591,,sitemap
/centres/gwalior,200,Best Cloud Computing Courses & Training Institute in Gwalior,"Cloud Computing courses in Gwalior M.P, UG/Diploma in Cloud AI & Cybersecurity with 100% job placement, Learn CCNA, AWS, Azure, Linux from Industry Experts",Enquire Now,https://www.jetking.com/centres/gwalior,false,8233,,sitemap
/centres/indore,200,Best Cloud Computing Courses & Training Institute in Indore,"Cloud Computing courses in Madhya Pradesh, UG/Diploma in Cloud AI & Cybersecurity with 100% job placement, Learn CCNA, AWS, Azure, Linux from Industry Experts",Enquire Now,https://www.jetking.com/centres/indore,false,8155,,sitemap
/centres/jammu,200,Best Cloud Computing Courses & Training Institute in Jammu,"Cloud Computing course in Jammu Kashmir, UG/Diploma program in Cloud AI & Cybersecurity with job placement, Learn AWS, Azure & more from Certified Professionals",Enquire Now,https://www.jetking.com/centres/jammu,false,7586,,sitemap
/centres/kanpur,200,Best Cloud Computing Courses & Training Institute in Kanpur,"Cloud Computing course in Kanpur - UG/Diploma programs in Cloud AI & Cybersecurity with job placement, Learn AWS, Azure & more from Certified Professionals",Enquire Now,https://www.jetking.com/centres/kanpur,false,7208,,sitemap
/centres/kochi,200,Best Cloud Computing Courses & Training Institute in Kerala,"Cloud Computing course in Kerala Kochi, UG/Diploma programs in Cloud AI & Cybersecurity with job placement, Learn AWS, Azure & more from Certified Professionals",Enquire Now,https://www.jetking.com/centres/kochi,false,7216,,sitemap
/centres/kukatpally,200,Cloud Computing Courses & Training Institute in Kukatpally,"Cloud Computing courses in Hyderabad, UG/Diploma in Cloud AI & Cybersecurity with 100% job placement, Learn CCNA, AWS, Azure & more from Certified Professionals",Enquire Now,https://www.jetking.com/centres/kukatpally,false,7230,,sitemap
/centres/lucknow-station-road,200,Best Cloud Computing Courses & Training Institute in Lucknow,"Cloud Computing course in Lucknow - UG/Diploma programs in Cloud AI & Cybersecurity with job placement, Learn AWS, Azure & more from Certified Professionals",Enquire Now,https://www.jetking.com/centres/lucknow-station-road,false,7628,,sitemap
/centres/nagpurmahal,200,Best Cloud Computing Courses & Training Institute in Nagpur,"Cloud Computing course in Maharashtra - UG/Diploma programs in Cloud AI & Cybersecurity with job placement, Learn AWS, Azure & more from Certified Professionals",Enquire Now,https://www.jetking.com/centres/nagpurmahal,false,8323,,sitemap
/centres/noida,200,Best Cloud Computing Courses & Training Institute in Noida,"Cloud Computing course in Noida - UG/Diploma programs in Cloud AI & Cybersecurity with job placement, Learn AWS, Azure & more from Certified Professionals",Enquire Now,https://www.jetking.com/centres/noida,false,7558,,sitemap
/centres/prayagraj,200,"Cloud Computing Courses in Prayagraj, CCNA, Cyber Security","Cloud Computing courses in Prayagraj, UG/Diploma in Cloud AI & Cybersecurity with 100% job placement, Learn CCNA, AWS, Azure & more from Certified Professionals",Enquire Now,https://www.jetking.com/centres/prayagraj,false,7382,,sitemap
/centres/rajajinagar,200,Cloud Computing Courses & Training Institute in Bangalore,"Cloud Computing course in Bangalore - UG/Diploma programs in Cloud AI & Cybersecurity with job placement, Learn AWS, Azure & more from Certified Professionals",Enquire Now,https://www.jetking.com/centres/rajajinagar,false,8524,,sitemap
/centres/sewri,200,Jetking Sewri | Best Computer Training Institute,"Welcome to Jetking computer institute in Sewri. Advance your career with courses in cloud computing, cyber security, CCNA & Hardware technology.",Enquire Now,https://www.jetking.com/centres/sewri,false,3927,,sitemap
/centres/shivajinagar,200,Cloud Computing Courses & Training Institute in Shivajinagar,"Cloud Computing course in Shivajinagar - UG/Diploma program in Cloud AI & Cybersecurity with job placement, Learn AWS, Azure & more from Certified Professionals",Enquire Now,https://www.jetking.com/centres/shivajinagar,false,9207,,sitemap
/centres/south-extension,200,Best Cloud Computing Courses & Training Institute in SouthEx,"Cloud Computing course in SouthEx - UG/Diploma programs in Cloud AI & Cybersecurity with job placement, Learn AWS, Azure & more from Certified Professionals",Enquire Now,https://www.jetking.com/centres/south-extension,false,9847,,sitemap
/centres/swargate,200,Best Cloud Computing Courses & Training Institute in Pune,"Cloud Computing course in Pune - UG/Diploma programs in Cloud AI & Cybersecurity with job placement, Learn AWS, Azure & more from Certified Professionals",Enquire Now,https://www.jetking.com/centres/swargate,false,7506,,sitemap
/centres/thane,200,Best Cloud Computing Courses & Training Institute in Thane,"Cloud Computing course in Mumbai - UG/Diploma programs in Cloud AI & Cybersecurity with job placement, Learn AWS, Azure & more from Certified Professionals",Enquire Now,https://www.jetking.com/centres/thane,false,8678,,sitemap
/centres/vasai,200,"Jetking Vasai | Cloud Computing, CCNA,Cyber Security Courses","Welcome to Jetking IT training institute in Vasai Road. Accelerate your career with courses in cloud computing, cyber security, CCNA & IT IMS technology.",Enquire Now,https://www.jetking.com/centres/vasai,false,8712,,sitemap
/centres/vikaspuri,200,Cloud Computing Courses & Training Institute in Vikaspuri,"Cloud Computing course in Vikaspuri - UG/Diploma programs in Cloud AI & Cybersecurity with job placement, Learn AWS, Azure & more from Certified Professionals",Enquire Now,https://www.jetking.com/centres/vikaspuri,false,9591,,sitemap
/centres/wakad-chinchwad,200,Cloud Computing Courses & Training Institute in Chinchwad,"Cloud Computing courses in Pune, UG/Diploma in Cloud AI & Cybersecurity with 100% job placement, Learn CCNA, AWS, Azure, Linux & more in IT-IMS from Experts",Enquire Now,https://www.jetking.com/centres/wakad-chinchwad,false,8685,,sitemap
/courses/aws-solution-specialist,200,Best AWS Solution Architect Training and Courses in India,Master AWS Solutions Specialist with Jetking. Advance your career with expert-led training. Explore the latest AWS trends and become a certified specialist.,Enquire Now,,false,9299,,sitemap
/courses/diploma-cloud-computing-cyber-security,200,Best Cloud Computing Training Course and Certification,"Our cloud computing courses will help you to become a master in cloud. Build your skills in technologies such as Azure, AWS, Cybersecurity with 100% job guarant",Enquire Now,,false,10873,,sitemap
/courses/mbd,200,Masters in Blockchain Development (MBD) | Learn Blockchain,Learn Blockchain Technology online & work in the Top MNCs even if you are a non-techie in less than 25 Weeks. A great career in the hottest technology domain.,Enquire Now,,false,7573,,sitemap
/courses/mcts-windows-10,200,Microsoft Certified Windows 10 Courses and Training,"Sign up for our Windows 10 course, earn certification, elevate your IT career. Microsoft-approved training for IT/Desktop Support specialists. Enroll now!",Enquire Now,,false,7305,,sitemap
/courses/microsoft-server-technology-specialist-mcts,200,Microsoft Server Technology Specialist (MCTS) Certification,"Learn configuring, implementing, troubleshooting and debugging Microsoft Server technology. This certification empowers to effectively manage Microsoft servers",Enquire Now,,false,10103,,sitemap
/courses/red-hat-certification-rhcsa,200,Red Hat Linux Professional program Courses & Certification,"Learn Red Hat system administration with Jetking's Red Hat Linux Professional course. Covers installation, configuration, and administration.",Enquire Now,,false,8328,,sitemap
/diploma-in-cloud-computing-and-cyber-security,200,Jetking - Diploma in Cloud Computing & Cyber Security - Land,Jetking - Diploma in Cloud Computing & Cyber Security - Landing Page,Diploma In Cloud Computing &amp; Cyber Security,https://www.jetking.com/courses/diploma-cloud-computing-cyber-security,false,6083,,sitemap
/masters-in-blockchain-course-registration-page,200,Cloud Computing Courses | Cyber Security & Ethical Hacking,"Jetking is India’s foremost IT training institute. We offer courses in Cloud Computing, Cyber Security, Ethical Hacking, Gaming & Metaverse Design.",Register Now,,false,527,,sitemap
/masters-in-blockchain-development-course-brochure,200,Masters In Blockchain Development Course Brochure,Masters In Blockchain Development Course Brochure,Your so close to getting your brochure,,false,598,,sitemap
/sitemap-xml,200,Jetking - Sitemap - xml,Jetking - Sitemap - xml,,,false,5520,,sitemap
